s,kW,kW,kW,kW,kW,kW,kW,kW,kW,kW,kg/s
Time,HRR,Q_RADI,Q_CONV,Q_COND,Q_DIFF,Q_PRES,Q_PART,Q_GEOM,Q_ENTH,Q_TOTAL,BURN_RATE
 0.0000000E+000, 0.0000000E+000,-1.1498526E-003, 0.0000000E+000, 0.0000000E+000, 0.0000000E+000, 0.0000000E+000, 0.0000000E+000, 0.0000000E+000, 0.0000000E+000,-1.1498526E-003, 0.0000000E+000
